﻿{
  "QuoteType": "ZBCJ",
  "StockCode": "SZ002881",
  "StockName": "美格智能",
  "ZbData": [
    {
      "ID": 34,
      "Price": 0,
      "Time": 1506063329,
      "Volume": 4294964096
    },
    {
      "ID": 35,
      "Price": 0,
      "Time": 1506063349,
      "Volume": 4294966996
    },
    {
      "ID": 36,
      "Price": 0,
      "Time": 1506063362,
      "Volume": 4294966796
    },
    {
      "ID": 37,
      "Price": 0,
      "Time": 1506063377,
      "Volume": 4294967196
    },
    {
      "ID": 38,
      "Price": 0,
      "Time": 1506063390,
      "Volume": 4294967096
    },
    {
      "ID": 39,
      "Price": 0,
      "Time": 1506063404,
      "Volume": 4294966896
    },
    {
      "ID": 40,
      "Price": 0,
      "Time": 1506063600,
      "Volume": 100
    },
    {
      "ID": 41,
      "Price": 0,
      "Time": 1506063600,
      "Volume": 100
    },
    {
      "ID": 42,
      "Price": 0,
      "Time": 1506063600,
      "Volume": 200
    },
    {
      "ID": 43,
      "Price": 0,
      "Time": 1506063600,
      "Volume": 200
    },
    {
      "ID": 44,
      "Price": 0,
      "Time": 1506063600,
      "Volume": 400
    },
    {
      "ID": 45,
      "Price": 0,
      "Time": 1506063600,
      "Volume": 500
    },
    {
      "ID": 46,
      "Price": 0,
      "Time": 1506063600,
      "Volume": 300
    },
    {
      "ID": 47,
      "Price": 0,
      "Time": 1506063600,
      "Volume": 100
    },
    {
      "ID": 48,
      "Price": 0,
      "Time": 1506063600,
      "Volume": 100
    },
    {
      "ID": 49,
      "Price": 0,
      "Time": 1506063600,
      "Volume": 100
    },
    {
      "ID": 50,
      "Price": 0,
      "Time": 1506063600,
      "Volume": 100
    },
    {
      "ID": 51,
      "Price": 0,
      "Time": 1506063600,
      "Volume": 100
    },
    {
      "ID": 52,
      "Price": 0,
      "Time": 1506063600,
      "Volume": 1000
    },
    {
      "ID": 53,
      "Price": 0,
      "Time": 1506063600,
      "Volume": 300
    },
    {
      "ID": 54,
      "Price": 0,
      "Time": 1506063600,
      "Volume": 700
    },
    {
      "ID": 55,
      "Price": 0,
      "Time": 1506063600,
      "Volume": 200
    },
    {
      "ID": 56,
      "Price": 0,
      "Time": 1506063600,
      "Volume": 100
    },
    {
      "ID": 57,
      "Price": 0,
      "Time": 1506063600,
      "Volume": 100
    },
    {
      "ID": 58,
      "Price": 0,
      "Time": 1506063600,
      "Volume": 800
    },
    {
      "ID": 59,
      "Price": 0,
      "Time": 1506063600,
      "Volume": 500
    },
    {
      "ID": 60,
      "Price": 0,
      "Time": 1506063600,
      "Volume": 1200
    },
    {
      "ID": 61,
      "Price": 0,
      "Time": 1506063600,
      "Volume": 300
    },
    {
      "ID": 62,
      "Price": 0,
      "Time": 1506063600,
      "Volume": 1000
    },
    {
      "ID": 63,
      "Price": 0,
      "Time": 1506063600,
      "Volume": 500
    },
    {
      "ID": 64,
      "Price": 0,
      "Time": 1506063600,
      "Volume": 100
    },
    {
      "ID": 65,
      "Price": 0,
      "Time": 1506063600,
      "Volume": 3100
    },
    {
      "ID": 66,
      "Price": 0,
      "Time": 1506063600,
      "Volume": 400
    },
    {
      "ID": 67,
      "Price": 0,
      "Time": 1506063600,
      "Volume": 200
    }
  ]
}