﻿{
  "OrderList": [
    {
      "BuyOrderID": 10996,
      "BuyOrderState": 0,
      "BuyPrice": 3564,
      "BuyVolume": 104200,
      "DealtID": 11040,
      "SellOrderID": 11041,
      "SellOrderState": 12,
      "SellPrice": 3564,
      "SellVolume": 3200
    },
    {
      "BuyOrderID": 10996,
      "BuyOrderState": 0,
      "BuyPrice": 3564,
      "BuyVolume": 104200,
      "DealtID": 11041,
      "SellOrderID": 11042,
      "SellOrderState": 12,
      "SellPrice": 3564,
      "SellVolume": 300
    },
    {
      "BuyOrderID": 10996,
      "BuyOrderState": 0,
      "BuyPrice": 3564,
      "BuyVolume": 104200,
      "DealtID": 11042,
      "SellOrderID": 11043,
      "SellOrderState": 12,
      "SellPrice": 3564,
      "SellVolume": 500
    },
    {
      "BuyOrderID": 10996,
      "BuyOrderState": 0,
      "BuyPrice": 3564,
      "BuyVolume": 104200,
      "DealtID": 11043,
      "SellOrderID": 11044,
      "SellOrderState": 12,
      "SellPrice": 3564,
      "SellVolume": 100
    },
    {
      "BuyOrderID": 10996,
      "BuyOrderState": 0,
      "BuyPrice": 3564,
      "BuyVolume": 104200,
      "DealtID": 11044,
      "SellOrderID": 11045,
      "SellOrderState": 12,
      "SellPrice": 3564,
      "SellVolume": 200
    },
    {
      "BuyOrderID": 10996,
      "BuyOrderState": 0,
      "BuyPrice": 3564,
      "BuyVolume": 104200,
      "DealtID": 11045,
      "SellOrderID": 11046,
      "SellOrderState": 12,
      "SellPrice": 3564,
      "SellVolume": 400
    },
    {
      "BuyOrderID": 10996,
      "BuyOrderState": 0,
      "BuyPrice": 3564,
      "BuyVolume": 104200,
      "DealtID": 11046,
      "SellOrderID": 11047,
      "SellOrderState": 12,
      "SellPrice": 3560,
      "SellVolume": 100
    },
    {
      "BuyOrderID": 10996,
      "BuyOrderState": 0,
      "BuyPrice": 3564,
      "BuyVolume": 104200,
      "DealtID": 11047,
      "SellOrderID": 11048,
      "SellOrderState": 12,
      "SellPrice": 3563,
      "SellVolume": 100
    },
    {
      "BuyOrderID": 10996,
      "BuyOrderState": 0,
      "BuyPrice": 3564,
      "BuyVolume": 104200,
      "DealtID": 11048,
      "SellOrderID": 11049,
      "SellOrderState": 12,
      "SellPrice": 3564,
      "SellVolume": 200
    },
    {
      "BuyOrderID": 10996,
      "BuyOrderState": 0,
      "BuyPrice": 3564,
      "BuyVolume": 104200,
      "DealtID": 11049,
      "SellOrderID": 11050,
      "SellOrderState": 12,
      "SellPrice": 3564,
      "SellVolume": 200
    },
    {
      "BuyOrderID": 10996,
      "BuyOrderState": 0,
      "BuyPrice": 3564,
      "BuyVolume": 104200,
      "DealtID": 11050,
      "SellOrderID": 11051,
      "SellOrderState": 12,
      "SellPrice": 3564,
      "SellVolume": 400
    },
    {
      "BuyOrderID": 10996,
      "BuyOrderState": 0,
      "BuyPrice": 3564,
      "BuyVolume": 104200,
      "DealtID": 11051,
      "SellOrderID": 11052,
      "SellOrderState": 12,
      "SellPrice": 3564,
      "SellVolume": 500
    },
    {
      "BuyOrderID": 10996,
      "BuyOrderState": 0,
      "BuyPrice": 3564,
      "BuyVolume": 104200,
      "DealtID": 11052,
      "SellOrderID": 11053,
      "SellOrderState": 12,
      "SellPrice": 3564,
      "SellVolume": 300
    },
    {
      "BuyOrderID": 10996,
      "BuyOrderState": 0,
      "BuyPrice": 3564,
      "BuyVolume": 104200,
      "DealtID": 11053,
      "SellOrderID": 11054,
      "SellOrderState": 12,
      "SellPrice": 3564,
      "SellVolume": 100
    },
    {
      "BuyOrderID": 10996,
      "BuyOrderState": 0,
      "BuyPrice": 3564,
      "BuyVolume": 104200,
      "DealtID": 11054,
      "SellOrderID": 11055,
      "SellOrderState": 12,
      "SellPrice": 3564,
      "SellVolume": 100
    },
    {
      "BuyOrderID": 10996,
      "BuyOrderState": 0,
      "BuyPrice": 3564,
      "BuyVolume": 104200,
      "DealtID": 11055,
      "SellOrderID": 11056,
      "SellOrderState": 12,
      "SellPrice": 3564,
      "SellVolume": 100
    },
    {
      "BuyOrderID": 10996,
      "BuyOrderState": 0,
      "BuyPrice": 3564,
      "BuyVolume": 104200,
      "DealtID": 11056,
      "SellOrderID": 11057,
      "SellOrderState": 12,
      "SellPrice": 3564,
      "SellVolume": 100
    },
    {
      "BuyOrderID": 10996,
      "BuyOrderState": 0,
      "BuyPrice": 3564,
      "BuyVolume": 104200,
      "DealtID": 11057,
      "SellOrderID": 11058,
      "SellOrderState": 12,
      "SellPrice": 3564,
      "SellVolume": 100
    },
    {
      "BuyOrderID": 10996,
      "BuyOrderState": 0,
      "BuyPrice": 3564,
      "BuyVolume": 104200,
      "DealtID": 11058,
      "SellOrderID": 11059,
      "SellOrderState": 12,
      "SellPrice": 3564,
      "SellVolume": 1000
    },
    {
      "BuyOrderID": 10996,
      "BuyOrderState": 0,
      "BuyPrice": 3564,
      "BuyVolume": 104200,
      "DealtID": 11059,
      "SellOrderID": 11060,
      "SellOrderState": 12,
      "SellPrice": 3564,
      "SellVolume": 300
    },
    {
      "BuyOrderID": 10996,
      "BuyOrderState": 0,
      "BuyPrice": 3564,
      "BuyVolume": 104200,
      "DealtID": 11060,
      "SellOrderID": 11061,
      "SellOrderState": 12,
      "SellPrice": 3564,
      "SellVolume": 700
    },
    {
      "BuyOrderID": 10996,
      "BuyOrderState": 0,
      "BuyPrice": 3564,
      "BuyVolume": 104200,
      "DealtID": 11061,
      "SellOrderID": 11062,
      "SellOrderState": 12,
      "SellPrice": 3564,
      "SellVolume": 200
    },
    {
      "BuyOrderID": 10996,
      "BuyOrderState": 0,
      "BuyPrice": 3564,
      "BuyVolume": 104200,
      "DealtID": 11062,
      "SellOrderID": 11063,
      "SellOrderState": 12,
      "SellPrice": 3564,
      "SellVolume": 100
    },
    {
      "BuyOrderID": 10996,
      "BuyOrderState": 0,
      "BuyPrice": 3564,
      "BuyVolume": 104200,
      "DealtID": 11063,
      "SellOrderID": 11064,
      "SellOrderState": 12,
      "SellPrice": 3564,
      "SellVolume": 100
    },
    {
      "BuyOrderID": 10996,
      "BuyOrderState": 0,
      "BuyPrice": 3564,
      "BuyVolume": 104200,
      "DealtID": 11064,
      "SellOrderID": 11065,
      "SellOrderState": 12,
      "SellPrice": 3564,
      "SellVolume": 800
    },
    {
      "BuyOrderID": 10996,
      "BuyOrderState": 0,
      "BuyPrice": 3564,
      "BuyVolume": 104200,
      "DealtID": 11065,
      "SellOrderID": 11066,
      "SellOrderState": 12,
      "SellPrice": 3564,
      "SellVolume": 500
    },
    {
      "BuyOrderID": 10996,
      "BuyOrderState": 0,
      "BuyPrice": 3564,
      "BuyVolume": 104200,
      "DealtID": 11066,
      "SellOrderID": 11067,
      "SellOrderState": 12,
      "SellPrice": 3564,
      "SellVolume": 1200
    },
    {
      "BuyOrderID": 10996,
      "BuyOrderState": 0,
      "BuyPrice": 3564,
      "BuyVolume": 104200,
      "DealtID": 11067,
      "SellOrderID": 11068,
      "SellOrderState": 12,
      "SellPrice": 3564,
      "SellVolume": 300
    },
    {
      "BuyOrderID": 10996,
      "BuyOrderState": 0,
      "BuyPrice": 3564,
      "BuyVolume": 104200,
      "DealtID": 11068,
      "SellOrderID": 11069,
      "SellOrderState": 12,
      "SellPrice": 3564,
      "SellVolume": 1000
    },
    {
      "BuyOrderID": 10996,
      "BuyOrderState": 0,
      "BuyPrice": 3564,
      "BuyVolume": 104200,
      "DealtID": 11069,
      "SellOrderID": 11070,
      "SellOrderState": 12,
      "SellPrice": 3564,
      "SellVolume": 500
    },
    {
      "BuyOrderID": 10996,
      "BuyOrderState": 0,
      "BuyPrice": 3564,
      "BuyVolume": 104200,
      "DealtID": 11070,
      "SellOrderID": 11071,
      "SellOrderState": 12,
      "SellPrice": 3564,
      "SellVolume": 100
    },
    {
      "BuyOrderID": 10996,
      "BuyOrderState": 0,
      "BuyPrice": 3564,
      "BuyVolume": 104200,
      "DealtID": 11071,
      "SellOrderID": 11072,
      "SellOrderState": 12,
      "SellPrice": 3564,
      "SellVolume": 3100
    },
    {
      "BuyOrderID": 10996,
      "BuyOrderState": 0,
      "BuyPrice": 3564,
      "BuyVolume": 104200,
      "DealtID": 11072,
      "SellOrderID": 11073,
      "SellOrderState": 12,
      "SellPrice": 3564,
      "SellVolume": 400
    },
    {
      "BuyOrderID": 10996,
      "BuyOrderState": 0,
      "BuyPrice": 3564,
      "BuyVolume": 104200,
      "DealtID": 11073,
      "SellOrderID": 11074,
      "SellOrderState": 12,
      "SellPrice": 3564,
      "SellVolume": 200
    }
  ],
  "QuoteType": "ZBDD",
  "StockCode": "SZ002881",
  "StockName": "美格智能"
}