﻿{
  "PriceQueue": [
    {
      "IsBuy": 1,
      "OrderVolumes": [
        349,
        2800,
        5600,
        100,
        4100,
        900,
        5400,
        2900,
        4500,
        5300,
        1500,
        3400,
        10000,
        20000,
        6100,
        4500,
        600,
        100,
        600,
        13900,
        3000,
        1000,
        200,
        7400,
        1500,
        1700,
        100,
        2300,
        2100,
        1900,
        300,
        22700,
        2000,
        1900,
        2600,
        5500,
        2900,
        11500,
        10000,
        379200,
        4000,
        1600,
        35500,
        600,
        200,
        300,
        600,
        100,
        700,
        200,
        1000,
        129300,
        300,
        200,
        200,
        10000,
        1000,
        100,
        800,
        300,
        17600,
        1300,
        10600,
        200,
        200,
        100,
        49100,
        200,
        1500,
        100,
        300,
        300,
        1000,
        500,
        200,
        2300,
        200,
        300,
        5900,
        100,
        13900,
        100,
        1500,
        600,
        1500,
        1500,
        100,
        100,
        200,
        200,
        400,
        100,
        100,
        1500,
        10000,
        200,
        100,
        1000,
        3600,
        3000,
        100,
        200,
        1000,
        300,
        300,
        309300,
        500,
        300,
        800,
        100,
        100,
        20000,
        32900,
        3300,
        100,
        5000,
        2000,
        2000,
        3000,
        500,
        300,
        200,
        100,
        100,
        600,
        200,
        300,
        100,
        400,
        300,
        400,
        100,
        200,
        900,
        100,
        1200,
        400,
        2300,
        100,
        300,
        500,
        1500,
        1500,
        300,
        400,
        300,
        300,
        100,
        300,
        100000,
        600,
        100,
        200,
        4000,
        100,
        100,
        600,
        900,
        100,
        200,
        800,
        100,
        300,
        500,
        200,
        700,
        700,
        100,
        200,
        200,
        200,
        1000,
        3000,
        1400,
        1800,
        100,
        2800,
        1000,
        500,
        600,
        28000,
        300,
        5000,
        5000,
        5000,
        5000,
        5000,
        2000,
        1100,
        300,
        100,
        200,
        100,
        100,
        900,
        400,
        100,
        100,
        300,
        100,
        3000,
        300,
        1000,
        500,
        1000,
        500,
        5200,
        500,
        500,
        200,
        300,
        400,
        2000,
        1000,
        200,
        500,
        1000,
        100,
        100,
        100,
        200,
        1400,
        100,
        700,
        200,
        100,
        1000,
        300,
        100,
        400,
        200,
        100,
        200,
        400,
        100,
        1000,
        100,
        1000,
        100,
        100,
        200,
        100,
        100,
        3300,
        1000,
        1500,
        600,
        700,
        800,
        900,
        500,
        500,
        500,
        1500,
        3000,
        3000,
        3000,
        3000,
        2500,
        900,
        1400,
        3200,
        1100,
        500,
        300,
        400,
        600,
        700,
        200,
        300,
        300,
        100,
        100,
        100,
        800,
        900,
        1000,
        600,
        300,
        400,
        400,
        500,
        1500,
        1600,
        1700,
        100,
        15900,
        1500,
        100,
        100,
        900,
        2000,
        1100,
        100,
        500,
        2400,
        500,
        200,
        100,
        200,
        300,
        100,
        100,
        100,
        100,
        100,
        100,
        100,
        100,
        100,
        100,
        100,
        100,
        100,
        100,
        100,
        100,
        100,
        100,
        100,
        100,
        100,
        100,
        100,
        100,
        100,
        100,
        100,
        100,
        600,
        500,
        102700,
        6400,
        100,
        300,
        400,
        100,
        1500,
        1000,
        200,
        1400,
        100,
        100,
        100,
        200,
        200,
        300,
        100,
        1000
      ],
      "Price": 3564
    },
    {
      "IsBuy": 1,
      "OrderVolumes": [
        2,
        300
      ],
      "Price": 3562
    },
    {
      "IsBuy": 1,
      "OrderVolumes": [
        1
      ],
      "Price": 3561
    },
    {
      "IsBuy": 1,
      "OrderVolumes": [
        1
      ],
      "Price": 3560
    },
    {
      "IsBuy": 1,
      "OrderVolumes": [
        1
      ],
      "Price": 3551
    },
    {
      "IsBuy": 1,
      "OrderVolumes": [
        3,
        100,
        500
      ],
      "Price": 3548
    },
    {
      "IsBuy": 1,
      "OrderVolumes": [
        1
      ],
      "Price": 3545
    },
    {
      "IsBuy": 1,
      "OrderVolumes": [
        1
      ],
      "Price": 3538
    },
    {
      "IsBuy": 1,
      "OrderVolumes": [
        2,
        10000
      ],
      "Price": 3530
    },
    {
      "IsBuy": 1,
      "OrderVolumes": [
        1
      ],
      "Price": 3510
    },
    {
      "IsBuy": 0,
      "Price": 0
    }
  ],
  "QuoteType": "ZBWT",
  "StockCode": "SZ002881",
  "StockName": "美格智能"
}
{
  "PriceQueue": [
    {
      "IsBuy": 1,
      "OrderVolumes": [
        50,
        2800,
        5600,
        100,
        4100,
        900,
        5400,
        2900,
        4500,
        5300,
        1500,
        3400,
        10000,
        20000,
        6100,
        4500,
        600,
        100,
        600,
        13900,
        3000,
        1000,
        200,
        7400,
        1500,
        1700,
        100,
        2300,
        2100,
        1900,
        300,
        22700,
        2000,
        1900,
        2600,
        5500,
        2900,
        11500,
        10000,
        379200,
        4000,
        1600,
        35500,
        600,
        200,
        300,
        600,
        100,
        700,
        200
      ],
      "Price": 3564
    },
    {
      "IsBuy": 0,
      "Price": 0
    }
  ],
  "QuoteType": "ZBWT",
  "StockCode": "SZ002881",
  "StockName": "美格智能"
}
