﻿{
  "LevelNum": 96,
  "Levels": [
    {
      "LevelID": -1,
      "OrderNum": 349,
      "OrderPrice": 3564,
      "OrderVolume": 17235
    },
    {
      "LevelID": -2,
      "OrderNum": 2,
      "OrderPrice": 3562,
      "OrderVolume": 13
    },
    {
      "LevelID": -3,
      "OrderNum": 1,
      "OrderPrice": 3561,
      "OrderVolume": 1
    },
    {
      "LevelID": -4,
      "OrderNum": 1,
      "OrderPrice": 3560,
      "OrderVolume": 1
    },
    {
      "LevelID": -5,
      "OrderNum": 1,
      "OrderPrice": 3551,
      "OrderVolume": 5
    },
    {
      "LevelID": -6,
      "OrderNum": 3,
      "OrderPrice": 3548,
      "OrderVolume": 11
    },
    {
      "LevelID": -7,
      "OrderNum": 1,
      "OrderPrice": 3545,
      "OrderVolume": 10
    },
    {
      "LevelID": -8,
      "OrderNum": 1,
      "OrderPrice": 3538,
      "OrderVolume": 2
    },
    {
      "LevelID": -9,
      "OrderNum": 2,
      "OrderPrice": 3530,
      "OrderVolume": 105
    },
    {
      "LevelID": -10,
      "OrderNum": 1,
      "OrderPrice": 3510,
      "OrderVolume": 7
    },
    {
      "LevelID": -11,
      "OrderNum": 1,
      "OrderPrice": 3503,
      "OrderVolume": 8
    },
    {
      "LevelID": -12,
      "OrderNum": 1,
      "OrderPrice": 3501,
      "OrderVolume": 6
    },
    {
      "LevelID": -13,
      "OrderNum": 4,
      "OrderPrice": 3500,
      "OrderVolume": 18
    },
    {
      "LevelID": -14,
      "OrderNum": 1,
      "OrderPrice": 3499,
      "OrderVolume": 1
    },
    {
      "LevelID": -15,
      "OrderNum": 1,
      "OrderPrice": 3490,
      "OrderVolume": 1
    },
    {
      "LevelID": -16,
      "OrderNum": 2,
      "OrderPrice": 3480,
      "OrderVolume": 3
    },
    {
      "LevelID": -17,
      "OrderNum": 1,
      "OrderPrice": 3471,
      "OrderVolume": 6
    },
    {
      "LevelID": -18,
      "OrderNum": 1,
      "OrderPrice": 3470,
      "OrderVolume": 3
    },
    {
      "LevelID": -19,
      "OrderNum": 1,
      "OrderPrice": 3468,
      "OrderVolume": 2
    },
    {
      "LevelID": -20,
      "OrderNum": 1,
      "OrderPrice": 3460,
      "OrderVolume": 3
    },
    {
      "LevelID": -21,
      "OrderNum": 1,
      "OrderPrice": 3458,
      "OrderVolume": 5
    },
    {
      "LevelID": -22,
      "OrderNum": 1,
      "OrderPrice": 3457,
      "OrderVolume": 2
    },
    {
      "LevelID": -23,
      "OrderNum": 1,
      "OrderPrice": 3453,
      "OrderVolume": 1
    },
    {
      "LevelID": -24,
      "OrderNum": 1,
      "OrderPrice": 3450,
      "OrderVolume": 1
    },
    {
      "LevelID": -25,
      "OrderNum": 1,
      "OrderPrice": 3441,
      "OrderVolume": 2
    },
    {
      "LevelID": -26,
      "OrderNum": 1,
      "OrderPrice": 3437,
      "OrderVolume": 58
    },
    {
      "LevelID": -27,
      "OrderNum": 1,
      "OrderPrice": 3436,
      "OrderVolume": 1
    },
    {
      "LevelID": -28,
      "OrderNum": 1,
      "OrderPrice": 3433,
      "OrderVolume": 3
    },
    {
      "LevelID": -29,
      "OrderNum": 2,
      "OrderPrice": 3421,
      "OrderVolume": 6
    },
    {
      "LevelID": -30,
      "OrderNum": 1,
      "OrderPrice": 3420,
      "OrderVolume": 1
    },
    {
      "LevelID": -31,
      "OrderNum": 1,
      "OrderPrice": 3411,
      "OrderVolume": 1
    },
    {
      "LevelID": -32,
      "OrderNum": 1,
      "OrderPrice": 3400,
      "OrderVolume": 1
    },
    {
      "LevelID": -33,
      "OrderNum": 1,
      "OrderPrice": 3398,
      "OrderVolume": 3
    },
    {
      "LevelID": -34,
      "OrderNum": 1,
      "OrderPrice": 3392,
      "OrderVolume": 2
    },
    {
      "LevelID": -35,
      "OrderNum": 1,
      "OrderPrice": 3391,
      "OrderVolume": 1
    },
    {
      "LevelID": -36,
      "OrderNum": 1,
      "OrderPrice": 3380,
      "OrderVolume": 5
    },
    {
      "LevelID": -37,
      "OrderNum": 2,
      "OrderPrice": 3370,
      "OrderVolume": 19
    },
    {
      "LevelID": -38,
      "OrderNum": 1,
      "OrderPrice": 3364,
      "OrderVolume": 10
    },
    {
      "LevelID": -39,
      "OrderNum": 1,
      "OrderPrice": 3352,
      "OrderVolume": 3
    },
    {
      "LevelID": -40,
      "OrderNum": 1,
      "OrderPrice": 3350,
      "OrderVolume": 9
    },
    {
      "LevelID": -41,
      "OrderNum": 1,
      "OrderPrice": 3346,
      "OrderVolume": 1
    },
    {
      "LevelID": -42,
      "OrderNum": 2,
      "OrderPrice": 3343,
      "OrderVolume": 7
    },
    {
      "LevelID": -43,
      "OrderNum": 1,
      "OrderPrice": 3342,
      "OrderVolume": 1
    },
    {
      "LevelID": -44,
      "OrderNum": 3,
      "OrderPrice": 3340,
      "OrderVolume": 23
    },
    {
      "LevelID": -45,
      "OrderNum": 1,
      "OrderPrice": 3337,
      "OrderVolume": 101
    },
    {
      "LevelID": -46,
      "OrderNum": 1,
      "OrderPrice": 3335,
      "OrderVolume": 1
    },
    {
      "LevelID": -47,
      "OrderNum": 1,
      "OrderPrice": 3330,
      "OrderVolume": 10
    },
    {
      "LevelID": -48,
      "OrderNum": 2,
      "OrderPrice": 3329,
      "OrderVolume": 6
    },
    {
      "LevelID": -49,
      "OrderNum": 1,
      "OrderPrice": 3323,
      "OrderVolume": 10
    },
    {
      "LevelID": -50,
      "OrderNum": 2,
      "OrderPrice": 3321,
      "OrderVolume": 4
    },
    {
      "LevelID": -51,
      "OrderNum": 2,
      "OrderPrice": 3320,
      "OrderVolume": 4
    },
    {
      "LevelID": -52,
      "OrderNum": 1,
      "OrderPrice": 3314,
      "OrderVolume": 1
    },
    {
      "LevelID": -53,
      "OrderNum": 5,
      "OrderPrice": 3300,
      "OrderVolume": 14
    },
    {
      "LevelID": -54,
      "OrderNum": 1,
      "OrderPrice": 3294,
      "OrderVolume": 5
    },
    {
      "LevelID": -55,
      "OrderNum": 1,
      "OrderPrice": 3292,
      "OrderVolume": 3
    },
    {
      "LevelID": -56,
      "OrderNum": 1,
      "OrderPrice": 3281,
      "OrderVolume": 20
    },
    {
      "LevelID": -57,
      "OrderNum": 3,
      "OrderPrice": 3280,
      "OrderVolume": 43
    },
    {
      "LevelID": -58,
      "OrderNum": 2,
      "OrderPrice": 3270,
      "OrderVolume": 5
    },
    {
      "LevelID": -59,
      "OrderNum": 1,
      "OrderPrice": 3264,
      "OrderVolume": 1
    },
    {
      "LevelID": -60,
      "OrderNum": 1,
      "OrderPrice": 3260,
      "OrderVolume": 3
    },
    {
      "LevelID": -61,
      "OrderNum": 1,
      "OrderPrice": 3259,
      "OrderVolume": 2
    },
    {
      "LevelID": -62,
      "OrderNum": 1,
      "OrderPrice": 3257,
      "OrderVolume": 6
    },
    {
      "LevelID": -63,
      "OrderNum": 1,
      "OrderPrice": 3246,
      "OrderVolume": 50
    },
    {
      "LevelID": -64,
      "OrderNum": 4,
      "OrderPrice": 3240,
      "OrderVolume": 8
    },
    {
      "LevelID": -65,
      "OrderNum": 1,
      "OrderPrice": 3239,
      "OrderVolume": 18
    },
    {
      "LevelID": -66,
      "OrderNum": 1,
      "OrderPrice": 3237,
      "OrderVolume": 1
    },
    {
      "LevelID": -67,
      "OrderNum": 1,
      "OrderPrice": 3224,
      "OrderVolume": 10
    },
    {
      "LevelID": -68,
      "OrderNum": 1,
      "OrderPrice": 3204,
      "OrderVolume": 4
    },
    {
      "LevelID": -69,
      "OrderNum": 1,
      "OrderPrice": 3203,
      "OrderVolume": 2
    },
    {
      "LevelID": -70,
      "OrderNum": 9,
      "OrderPrice": 3200,
      "OrderVolume": 30
    },
    {
      "LevelID": -71,
      "OrderNum": 1,
      "OrderPrice": 3199,
      "OrderVolume": 90
    },
    {
      "LevelID": -72,
      "OrderNum": 1,
      "OrderPrice": 3198,
      "OrderVolume": 2
    },
    {
      "LevelID": -73,
      "OrderNum": 1,
      "OrderPrice": 3192,
      "OrderVolume": 1
    },
    {
      "LevelID": -74,
      "OrderNum": 2,
      "OrderPrice": 3190,
      "OrderVolume": 18
    },
    {
      "LevelID": -75,
      "OrderNum": 1,
      "OrderPrice": 3189,
      "OrderVolume": 3
    },
    {
      "LevelID": -76,
      "OrderNum": 4,
      "OrderPrice": 3188,
      "OrderVolume": 17
    },
    {
      "LevelID": -77,
      "OrderNum": 1,
      "OrderPrice": 3181,
      "OrderVolume": 6
    },
    {
      "LevelID": -78,
      "OrderNum": 4,
      "OrderPrice": 3180,
      "OrderVolume": 17
    },
    {
      "LevelID": -79,
      "OrderNum": 3,
      "OrderPrice": 3168,
      "OrderVolume": 8
    },
    {
      "LevelID": -80,
      "OrderNum": 1,
      "OrderPrice": 3167,
      "OrderVolume": 1
    },
    {
      "LevelID": -81,
      "OrderNum": 1,
      "OrderPrice": 3163,
      "OrderVolume": 102
    },
    {
      "LevelID": -82,
      "OrderNum": 1,
      "OrderPrice": 3162,
      "OrderVolume": 2
    },
    {
      "LevelID": -83,
      "OrderNum": 1,
      "OrderPrice": 3161,
      "OrderVolume": 2
    },
    {
      "LevelID": -84,
      "OrderNum": 2,
      "OrderPrice": 3151,
      "OrderVolume": 40
    },
    {
      "LevelID": -85,
      "OrderNum": 7,
      "OrderPrice": 3150,
      "OrderVolume": 45
    },
    {
      "LevelID": -86,
      "OrderNum": 1,
      "OrderPrice": 3125,
      "OrderVolume": 2
    },
    {
      "LevelID": -87,
      "OrderNum": 1,
      "OrderPrice": 3120,
      "OrderVolume": 1
    },
    {
      "LevelID": -88,
      "OrderNum": 1,
      "OrderPrice": 3110,
      "OrderVolume": 1
    },
    {
      "LevelID": -89,
      "OrderNum": 1,
      "OrderPrice": 3108,
      "OrderVolume": 1
    },
    {
      "LevelID": -90,
      "OrderNum": 4,
      "OrderPrice": 3100,
      "OrderVolume": 45
    },
    {
      "LevelID": -91,
      "OrderNum": 3,
      "OrderPrice": 3050,
      "OrderVolume": 9
    },
    {
      "LevelID": -92,
      "OrderNum": 1,
      "OrderPrice": 3020,
      "OrderVolume": 2
    },
    {
      "LevelID": -93,
      "OrderNum": 1,
      "OrderPrice": 3002,
      "OrderVolume": 5
    },
    {
      "LevelID": -94,
      "OrderNum": 3,
      "OrderPrice": 3000,
      "OrderVolume": 17
    },
    {
      "LevelID": -95,
      "OrderNum": 2,
      "OrderPrice": 2917,
      "OrderVolume": 4
    },
    {
      "LevelID": -96,
      "OrderNum": 6,
      "OrderPrice": 2916,
      "OrderVolume": 47
    }
  ],
  "QuoteType": "BDPK",
  "StockCode": "SZ002881",
  "StockName": "美格智能"
}
